{
    "loss": 1.4694372415542603,
    "accuracy": 0.7933333516120911
}