{
    "loss": 4.525022029876709,
    "accuracy": 0.761904776096344
}